"city","population"
"Aeugst am Albis",1955
"Affoltern am Albis",11276
"Bonstetten",5205
"Hausen am Albis",3376
"Hedingen",3511
"Kappel am Albis",922
"Knonau",1982
"Maschwanden",641
"Mettmenstetten",4420
"Obfelden",4833
"Ottenbach",2480
"Rifferswil",957
"Stallikon",3309
"Wettswil am Albis",4579
"Adlikon",561
"Benken (ZH)",823
"Berg am Irchel",587
"Buch am Irchel",899
"Dachsen",1960
"Dorf",634
"Feuerthalen",3464
"Flaach",1331
"Flurlingen",1414
"Andelfingen",2063
"Henggart",2254
"Humlikon",483
"Kleinandelfingen",2013
"Laufen-Uhwiesen",1558
"Marthalen",1968
"Oberstammheim",1130
"Ossingen",1348
"Rheinau",1345
"Thalheim an der Thur",899
"Trüllikon",988
"Truttikon",464
"Unterstammheim",867
"Volken",310
"Waltalingen",675
"Bachenbülach",4019
"Bassersdorf",11243
"Bülach",17975
"Dietlikon",7170
"Eglisau",4709
"Embrach",8986
"Freienstein-Teufen",2317
"Glattfelden",4550
"Hochfelden",2022
"Höri",2619
"Hüntwangen",1000
"Kloten",18402
"Lufingen",1833
"Nürensdorf",5274
"Oberembrach",1030
"Opfikon",16116
"Rafz",4098
"Rorbas",2501
"Wallisellen",14188
"Wasterkingen",547
"Wil (ZH)",1298
"Winkel",4088
"Bachs",574
"Boppelsen",1276
"Buchs (ZH)",6068
"Dällikon",3733
"Dänikon",1928
"Dielsdorf",5790
"Hüttikon",669
"Neerach",3029
"Niederglatt",4580
"Niederhasli",8723
"Niederweningen",2760
"Oberglatt",6063
"Oberweningen",1754
"Otelfingen",2755
"Regensberg",491
"Regensdorf",16975
"Rümlang",7019
"Schleinikon",718
"Schöfflisdorf",1375
"Stadel",2015
"Steinmaur",3279
"Weiach",1083
"Bäretswil",4934
"Bubikon",6854
"Dürnten",7164
"Fischenthal",2329
"Gossau (ZH)",9725
"Grüningen",3229
"Hinwil",10615
"Rüti (ZH)",11968
"Seegräben",1305
"Wald (ZH)",9343
"Wetzikon",23274
"Adliswil",18037
"Hirzel",2134
"Horgen",19282
"Hütten",897
"Kilchberg (ZH)",7675
"Langnau am Albis",7254
"Oberrieden",4979
"Richterswil",12832
"Rüschlikon",5425
"Schönenberg (ZH)",1896
"Thalwil",17340
"Wädenswil",20967
"Erlenbach (ZH)",5325
"Herrliberg",6148
"Hombrechtikon",8119
"Küsnacht (ZH)",13518
"Männedorf",10470
"Meilen",12816
"Oetwil am See",4557
"Stäfa",13876
"Uetikon am See",5931
"Zumikon",5167
"Zollikon",12163
"Bauma",4224
"Fehraltorf",6234
"Hittnau",3508
"Illnau-Effretikon",16117
"Kyburg",405
"Lindau",5212
"Pfäffikon",11027
"Russikon",4132
"Sternenberg",349
"Weisslingen",3176
"Wila",1947
"Wildberg",1005
"Dübendorf",25341
"Egg",8305
"Fällanden",8072
"Greifensee",5226
"Maur",9634
"Mönchaltorf",3447
"Schwerzenbach",4743
"Uster",32748
"Volketswil",17768
"Wangen-Brüttisellen",7578
"Altikon",619
"Brütten",1989
"Dägerlen",986
"Dättlikon",748
"Dinhard",1451
"Elgg",4034
"Ellikon an der Thur",916
"Elsau",3355
"Hagenbuch",1103
"Hettlingen",2995
"Hofstetten (ZH)",482
"Neftenbach",5425
"Pfungen",3386
"Rickenbach (ZH)",2551
"Schlatt (ZH)",738
"Seuzach",7136
"Turbenthal",4301
"Winterthur",104468
"Zell (ZH)",5489
"Aesch (ZH)",1157
"Birmensdorf (ZH)",5965
"Dietikon",24843
"Geroldswil",4755
"Oberengstringen",6416
"Oetwil an der Limmat",2332
"Schlieren",17199
"Uitikon",3947
"Unterengstringen",3398
"Urdorf",9471
"Weiningen (ZH)",4287
"Zürich",380777
"Wiesendangen",5984
"Aarberg",4182
"Bargen (BE)",984
"Grossaffoltern",2813
"Kallnach",1907
"Kappelen",1326
"Lyss",14080
"Meikirch",2424
"Radelfingen",1196
"Rapperswil (BE)",2368
"Schüpfen",3566
"Seedorf (BE)",2968
"Aarwangen",4229
"Auswil",452
"Bannwil",688
"Bleienbach",654
"Busswil bei Melchnau",200
"Gondiswil",746
"Langenthal",15184
"Lotzwil",2482
"Madiswil",3120
"Melchnau",1529
"Obersteckholz",431
"Oeschenbach",241
"Reisiswil",189
"Roggwil (BE)",3837
"Rohrbach",1407
"Rohrbachgraben",417
"Rütschelen",573
"Schwarzhäusern",503
"Thunstetten",3086
"Ursenbach",897
"Wynau",1539
"Bern",127515
"Bolligen",6021
"Bremgarten bei Bern",4318
"Kirchlindach",2808
"Köniz",39375
"Muri bei Bern",12675
"Oberbalm",876
"Stettlen",2883
"Vechigen",4809
"Wohlen bei Bern",8901
"Zollikofen",9977
"Ittigen",10997
"Ostermundigen",15871
"Biel/Bienne",52351
"Evilard",2465
"Arch",1514
"Büetigen",799
"Büren an der Aare",3356
"Diessbach bei Büren",915
"Dotzigen",1389
"Lengnau (BE)",4633
"Leuzigen",1191
"Meienried",52
"Meinisberg",1309
"Oberwil bei Büren",804
"Pieterlen",3821
"Rüti bei Büren",812
"Wengi",604
"Aefligen",1080
"Alchenstorf",567
"Bäriswil",1024
"Burgdorf",15659
"Ersigen",1640
"Hasle bei Burgdorf",3184
"Heimiswil",1591
"Hellsau",189
"Hindelbank",2166
"Höchstetten",271
"Kernenried",455
"Kirchberg (BE)",5671
"Koppigen",2037
"Krauchthal",2322
"Lyssach",1428
"Mötschwil",134
"Niederösch",240
"Oberburg",2924
"Oberösch",110
"Rüdtligen-Alchenflüh",2352
"Rumendingen",83
"Rüti bei Lyssach",163
"Willadingen",208
"Wynigen",2001
"Corgémont",1604
"Cormoret",490
"Cortébert",717
"Courtelary",1259
"La Ferrière",557
"La Heutte",477
"Mont-Tramelan",102
"Orvin",1195
"Péry",1362
"Renan (BE)",875
"Romont (BE)",206
"Saint-Imier",4866
"Sonceboz-Sombeval",1791
"Sonvilier",1209
"Tramelan",4335
"Villeret",899
"Sauge",772
"Brüttelen",569
"Erlach",1340
"Finsterhennen",502
"Gals",722
"Gampelen",796
"Ins",3277
"Lüscherz",532
"Müntschemier",1307
"Siselen",599
"Treiten",425
"Tschugg",459
"Vinelz",825
"Bangerten",160
"Bätterkinden",3131
"Deisswil bei Münchenbuchsee",92
"Diemerswil",190
"Fraubrunnen",4845
"Jegenstorf",5470
"Iffwil",412
"Mattstetten",586
"Moosseedorf",3645
"Münchenbuchsee",9749
"Urtenen-Schönbühl",5890
"Utzenstorf",4156
"Wiggiswil",98
"Wiler bei Utzenstorf",828
"Zielebach",326
"Zuzwil (BE)",578
"Adelboden",3500
"Aeschi bei Spiez",2123
"Frutigen",6692
"Kandergrund",791
"Kandersteg",1236
"Krattigen",1031
"Reichenbach im Kandertal",3469
"Beatenberg",1150
"Bönigen",2478
"Brienz (BE)",3019
"Brienzwiler",491
"Därligen",420
"Grindelwald",3761
"Gsteigwiler",420
"Gündlischwand",299
"Habkern",634
"Hofstetten bei Brienz",533
"Interlaken",5504
"Iseltwald",430
"Lauterbrunnen",2470
"Leissigen",952
"Lütschental",238
"Matten bei Interlaken",3777
"Niederried bei Interlaken",335
"Oberried am Brienzersee",456
"Ringgenberg (BE)",2629
"Saxeten",100
"Schwanden bei Brienz",578
"Unterseen",5562
"Wilderswil",2558
"Arni (BE)",937
"Biglen",1736
"Bowil",1365
"Brenzikofen",521
"Freimettigen",449
"Grosshöchstetten",3287
"Häutligen",252
"Herbligen",579
"Kiesen",864
"Konolfingen",4911
"Landiswil",634
"Linden",1307
"Mirchel",591
"Münsingen",11566
"Niederhünigen",626
"Oberdiessbach",3476
"Oberthal",761
"Oppligen",664
"Rubigen",2895
"Schlosswil",632
"Tägertschi",409
"Walkringen",1832
"Worb",11324
"Zäziwil",1632
"Oberhünigen",326
"Allmendingen",511
"Wichtrach",4089
"Clavaleyres",50
"Ferenbalm",1243
"Frauenkappelen",1241
"Golaten",295
"Gurbrü",254
"Kriechenwil",414
"Laupen",2821
"Mühleberg",2727
"Münchenwiler",471
"Neuenegg",4880
"Wileroltigen",385
"Belprahon",300
"Bévilard",1710
"Champoz",156
"Châtelat",104
"Corcelles (BE)",209
"Court",1422
"Crémines",531
"Eschert",366
"Grandval",341
"Loveresse",321
"Malleray",1987
"Monible",36
"Moutier",7553
"Perrefitte",453
"Pontenet",224
"Reconvilier",2217
"Roches (BE)",208
"Saicourt",604
"Saules (BE)",157
"Schelten",34
"Seehof",70
"Sornetan",128
"Sorvilier",262
"Souboz",135
"Tavannes",3522
"Rebévelier",45
"La Neuveville",3666
"Nods",721
"Plateau de Diesse",2053
"Aegerten",1781
"Bellmund",1546
"Brügg",4257
"Bühl",416
"Epsach",323
"Hagneck",406
"Hermrigen",254
"Jens",674
"Ipsach",3940
"Ligerz",527
"Merzligen",405
"Mörigen",882
"Nidau",6782
"Orpund",2649
"Port",3346
"Safnern",1854
"Scheuren",460
"Schwadernau",662
"Studen (BE)",2884
"Sutz-Lattrigen",1358
"Täuffelen",2653
"Walperswil",936
"Worben",2211
"Twann-Tüscherz",1095
"Därstetten",850
"Diemtigen",2142
"Erlenbach im Simmental",1683
"Oberwil im Simmental",813
"Reutigen",980
"Spiez",12549
"Wimmis",2468
"Stocken-Höfen",978
"Guttannen",317
"Hasliberg",1227
"Innertkirchen",1071
"Meiringen",4642
"Schattenhalb",597
"Boltigen",1353
"Lenk",2463
"St. Stephan",1346
"Zweisimmen",2935
"Gsteig",977
"Lauenen",816
"Saanen",6807
"Guggisberg",1553
"Rüschegg",1612
"Schwarzenburg",6773
"Belp",11108
"Burgistein",1031
"Gelterfingen",254
"Gerzensee",1184
"Gurzelen",817
"Jaberg",252
"Kaufdorf",1048
"Kehrsatz",4120
"Kirchdorf (BE)",881
"Kirchenthurnen",272
"Lohnstorf",218
"Mühledorf (BE)",258
"Mühlethurnen",1372
"Niedermuhlern",461
"Noflen",286
"Riggisberg",2401
"Rüeggisberg",1846
"Rümligen",438
"Seftigen",2163
"Toffen",2499
"Uttigen",1898
"Wattenwil",2728
"Wald (BE)",1184
"Eggiwil",2427
"Langnau im Emmental",9092
"Lauperswil",2672
"Röthenbach im Emmental",1241
"Rüderswil",2376
"Schangnau",903
"Signau",2745
"Trub",1359
"Trubschachen",1419
"Amsoldingen",788
"Blumenstein",1184
"Buchholterberg",1542
"Eriz",490
"Fahrni",796
"Heiligenschwendi",681
"Heimberg",6465
"Hilterfingen",4061
"Homberg",509
"Horrenbach-Buchen",256
"Oberhofen am Thunersee",2366
"Oberlangenegg",481
"Pohlern",263
"Schwendibach",255
"Sigriswil",4679
"Steffisburg",15515
"Teuffenthal (BE)",161
"Thierachern",2350
"Thun",42735
"Uebeschi",668
"Uetendorf",5932
"Unterlangenegg",927
"Wachseldorn",228
"Zwieselberg",282
"Forst-Längenbühl",751
"Affoltern im Emmental",1142
"Dürrenroth",1071
"Eriswil",1360
"Huttwil",4663
"Lützelflüh",4052
"Rüegsau",3087
"Sumiswald",5028
"Trachselwald",995
"Walterswil (BE)",541
"Wyssachen",1162
"Attiswil",1324
"Berken",42
"Bettenhausen",684
"Farnern",207
"Graben",305
"Heimenhausen",1016
"Hermiswil",99
"Herzogenbuchsee",6868
"Inkwil",628
"Niederbipp",4249
"Niederönz",1550
"Oberbipp",1653
"Ochlenberg",573
"Rumisberg",467
"Seeberg",1426
"Thörigen",1023
"Walliswil bei Niederbipp",218
"Walliswil bei Wangen",573
"Wangen an der Aare",2126
"Wangenried",410
"Wiedlisbach",2207
"Wolfisberg",186
"Doppleschwand",739
"Entlebuch",3296
"Flühli",1902
"Hasle (LU)",1751
"Romoos",695
"Schüpfheim",4053
"Werthenstein",1967
"Escholzmatt-Marbach",4346
"Aesch (LU)",1009
"Altwis",411
"Ballwil",2577
"Emmen",28701
"Ermensee",874
"Eschenbach (LU)",3547
"Hitzkirch",4832
"Hochdorf",8877
"Hohenrain",2418
"Inwil",2306
"Rain",2494
"Römerswil",1632
"Rothenburg",7227
"Schongau",913
"Adligenswil",5406
"Buchrain",6049
"Dierikon",1467
"Ebikon",12571
"Gisikon",1148
"Greppen",1050
"Honau",366
"Horw",13618
"Kriens",26751
"Lucerne",79478
"Malters",6861
"Meggen",6752
"Meierskappel",1301
"Root",4633
"Schwarzenberg",1676
"Udligenswil",2196
"Vitznau",1206
"Weggis",4181
"Beromünster",6033
"Büron",2211
"Buttisholz",3257
"Eich",1690
"Geuensee",2592
"Grosswangen",3074
"Hildisrieden",1969
"Knutwil",2077
"Mauensee",1161
"Neuenkirch",6185
"Nottwil",3443
"Oberkirch",3808
"Rickenbach (LU)",3061
"Ruswil",6636
"Schenkon",2678
"Schlierbach",755
"Sempach",4105
"Sursee",9079
"Triengen",4416
"Wolhusen",4143
"Alberswil",590
"Altbüron",951
"Altishofen",1531
"Dagmersellen",5103
"Ebersecken",415
"Egolzwil",1321
"Ettiswil",2486
"Fischbach",731
"Gettnau",1033
"Grossdietwil",853
"Hergiswil bei Willisau",1831
"Luthern",1327
"Menznau",2870
"Nebikon",2452
"Pfaffnau",2245
"Reiden",6650
"Roggliswil",617
"Schötz",3864
"Ufhusen",847
"Wauwil",1859
"Wikon",1416
"Zell (LU)",2001
"Willisau",7439
"Altdorf (UR)",8981
"Andermatt",1320
"Attinghausen",1591
"Bauen",170
"Bürglen (UR)",3917
"Erstfeld",3778
"Flüelen",1988
"Göschenen",434
"Gurtnellen",583
"Hospental",216
"Isenthal",529
"Realp",133
"Schattdorf",5009
"Seedorf (UR)",1806
"Seelisberg",684
"Silenen",2162
"Sisikon",394
"Spiringen",846
"Unterschächen",699
"Wassen",453
"Einsiedeln",14632
"Gersau",2118
"Feusisberg",4945
"Freienbach",15758
"Wollerau",7051
"Küssnacht (SZ)",12401
"Altendorf",6376
"Galgenen",4945
"Innerthal",198
"Lachen",8004
"Reichenburg",3350
"Schübelbach",8567
"Tuggen",3003
"Vorderthal",1014
"Wangen (SZ)",4764
"Alpthal",591
"Arth",10924
"Illgau",801
"Ingenbohl",8597
"Lauerz",1056
"Morschach",1093
"Muotathal",3469
"Oberiberg",841
"Riemenstalden",92
"Rothenthurm",2238
"Sattel",1828
"Schwyz",14663
"Steinen",3274
"Steinerberg",913
"Unteriberg",2324
"Alpnach",5736
"Engelberg",3989
"Giswil",3607
"Kerns",5800
"Lungern",2098
"Sachseln",4926
"Sarnen",9959
"Beckenried",3319
"Buochs",5370
"Dallenwil",1782
"Emmetten",1328
"Ennetbürgen",4484
"Ennetmoos",2095
"Hergiswil (NW)",5487
"Oberdorf (NW)",3101
"Stans",8112
"Stansstad",4417
"Wolfenschiessen",2089
"Glarus Nord",17198
"Glarus Süd",9859
"Glarus",12312
"Baar",22355
"Cham",15020
"Hünenberg",8804
"Menzingen",4335
"Neuheim",2006
"Oberägeri",5653
"Risch",9779
"Steinhausen",9213
"Unterägeri",8280
"Walchwil",3593
"Zug",27537
"Bussy (FR)",385
"Châbles",710
"Châtillon (FR)",405
"Cheiry",365
"Cheyres",1242
"Cugy (FR)",1496
"Domdidier",2884
"Dompierre (FR)",911
"Estavayer-le-Lac",6011
"Fétigny",878
"Gletterens",911
"Léchelles",629
"Lully (FR)",1036
"Ménières",340
"Montagny (FR)",2103
"Morens (FR)",137
"Murist",595
"Nuvilly",388
"Prévondavaux",65
"Rueyres-les-Prés",362
"Russy",211
"Saint-Aubin (FR)",1526
"Sévaz",249
"Surpierre",311
"Vallon",351
"Villeneuve (FR)",347
"Vuissens",228
"Les Montets",1333
"Delley-Portalban",971
"Vernay",1068
"Auboranges",275
"Billens-Hennens",659
"Chapelle (Glâne)",258
"Le Châtelard",372
"Châtonnaye",742
"Ecublens (FR)",304
"Grangettes",190
"Massonnens",453
"Mézières (FR)",1000
"Montet (Glâne)",364
"Romont (FR)",4841
"Rue",1336
"Siviriez",2153
"Ursy",2564
"Villaz-Saint-Pierre",1101
"Vuisternens-devant-Romont",2118
"Villorsonnens",1310
"Torny",851
"La Folliaz",899
"Haut-Intyamon",1424
"Pont-en-Ogoz",1665
"Botterens",504
"Broc",2442
"Bulle",20177
"Châtel-sur-Montsalvens",248
"Corbières",757
"Crésuz",301
"Echarlens",767
"Grandvillard",778
"Gruyères",2027
"Hauteville",561
"Jaun",667
"Marsens",1696
"Morlon",588
"Le Pâquier (FR)",1109
"Pont-la-Ville",583
"Riaz",2201
"La Roche",1449
"Sâles",1440
"Sorens",1006
"Vaulruz",994
"Vuadens",2153
"Bas-Intyamon",1190
"Val-de-Charmey",2295
"Arconciel",762
"Autafond",74
"Autigny",710
"Avry",1844
"Belfaux",2862
"Chénens",702
"Chésopelloz",126
"Corminboeuf",2140
"Corpataux-Magnedens",1237
"Corserey",384
"Cottens (FR)",1385
"Ependes (FR)",1095
"Farvagny",2130
"Ferpicloz",278
"Fribourg",36633
"Givisiez",3043
"Granges-Paccot",2926
"Grolley",1858
"Marly",7729
"Matran",1567
"Neyruz (FR)",2321
"Noréaz",597
"Pierrafortscha",149
"Ponthaux",681
"Le Mouret",3022
"Prez-vers-Noréaz",937
"Rossens (FR)",1242
"Le Glèbe",1189
"Senèdes",139
"Treyvaux",1439
"Villars-sur-Glâne",11975
"Villarsel-sur-Marly",84
"Vuisternens-en-Ogoz",938
"Hauterive (FR)",2268
"La Brillaz",1777
"La Sonnaz",1002
"Barberêche",514
"Courgevaux",1367
"Courlevon",305
"Courtepin",3503
"Cressier (FR)",836
"Fräschels",456
"Galmiz",630
"Gempenach",291
"Greng",157
"Gurmels",3927
"Jeuss",424
"Kerzers",4764
"Kleinbösingen",595
"Lurtigen",182
"Meyriez",597
"Misery-Courtion",1635
"Muntelier",951
"Murten",6450
"Ried bei Kerzers",1029
"Salvenach",502
"Ulmiz",403
"Villarepos",576
"Bas-Vully",2011
"Haut-Vully",1368
"Wallenried",451
"Alterswil",1994
"Brünisried",650
"Düdingen",7504
"Giffers",1431
"Bösingen",3346
"Heitenried",1366
"Oberschrot",1160
"Plaffeien",1944
"Plasselb",1020
"Rechthalten",1084
"St. Antoni",1925
"St. Silvester",942
"St. Ursen",1252
"Schmitten (FR)",3949
"Tafers",3097
"Tentlingen",1228
"Ueberstorf",2395
"Wünnewil-Flamatt",5326
"Zumholz",401
"Attalens",3100
"Bossonnens",1390
"Châtel-Saint-Denis",6090
"Granges (Veveyse)",843
"Remaufens",973
"Saint-Martin (FR)",985
"Semsales",1344
"Le Flon",1091
"La Verrerie",1136
,0
"Egerkingen",3294
"Härkingen",1419
"Kestenholz",1719
"Neuendorf",1949
"Niederbuchsiten",979
"Oberbuchsiten",1964
"Oensingen",5695
"Wolfwil",2035
"Aedermannsdorf",555
"Balsthal",5776
"Gänsbrunnen",99
"Herbetswil",555
"Holderbank (SO)",635
"Laupersdorf",1682
"Matzendorf",1291
"Mümliswil-Ramiswil",2511
"Welschenrohr",1116
"Biezwil",323
"Lüterkofen-Ichertswil",723
"Lüterswil-Gächliwil",330
"Messen",1401
"Schnottwil",1055
"Unterramsern",213
"Lüsslingen-Nennigkofen",1008
"Buchegg",2507
"Bättwil",1186
"Büren (SO)",965
"Dornach",6325
"Gempen",852
"Hochwald",1293
"Hofstetten-Flüh",3114
"Metzerlen-Mariastein",921
"Nuglar-St. Pantaleon",1474
"Rodersdorf",1274
"Seewen",998
"Witterswil",1387
"Hauenstein-Ifenthal",316
"Kienberg",506
"Lostorf",3864
"Niedergösgen",3742
"Obergösgen",2132
"Rohr (SO)",99
"Stüsslingen",1017
"Trimbach",6309
"Winznau",1766
"Wisen (SO)",419
"Erlinsbach (SO)",3263
"Aeschi (SO)",1213
"Biberist",8125
"Bolken",564
"Deitingen",2233
"Derendingen",6058
"Etziken",769
"Gerlafingen",4888
"Halten",861
"Horriwil",839
"Hüniken",92
"Kriegstetten",1259
"Lohn-Ammannsegg",2634
"Luterbach",3374
"Obergerlafingen",1116
"Oekingen",771
"Recherswil",1730
"Subingen",2995
"Zuchwil",8715
"Drei Höfe",726
"Balm bei Günsberg",194
"Bellach",5151
"Bettlach",4834
"Feldbrunnen-St. Niklaus",919
"Flumenthal",949
"Grenchen",16173
"Günsberg",1142
"Hubersdorf",734
"Kammersrohr",33
"Langendorf",3756
"Lommiswil",1434
"Oberdorf (SO)",1651
"Riedholz",2193
"Rüttenen",1443
"Selzach",3160
"Boningen",730
"Däniken",2769
"Dulliken",4725
"Eppenberg-Wöschnau",316
"Fulenbach",1676
"Gretzenbach",2463
"Gunzgen",1636
"Hägendorf",4684
"Kappel (SO)",2989
"Olten",17133
"Rickenbach (SO)",883
"Schönenwerd",4826
"Starrkirch-Wil",1631
"Walterswil (SO)",710
"Wangen bei Olten",4881
"Solothurn",16465
"Bärschwil",819
"Beinwil (SO)",282
"Breitenbach",3573
"Büsserach",2052
"Erschwil",893
"Fehren",631
"Grindel",471
"Himmelried",925
"Kleinlützel",1249
"Meltingen",618
"Nunningen",1851
"Zullwil",618
"Basel",165566
"Bettingen",1160
"Riehen",20699
"Aesch (BL)",10220
"Allschwil",19898
"Arlesheim",9073
"Biel-Benken",3182
"Binningen",14817
"Birsfelden",10277
"Bottmingen",6186
"Ettingen",4887
"Münchenstein",11715
"Muttenz",17339
"Oberwil (BL)",10721
"Pfeffingen",2210
"Reinach (BL)",18661
"Schönenbuch",1416
"Therwil",9784
"Blauen",675
"Brislach",1610
"Burg im Leimental",256
"Dittingen",753
"Duggingen",1421
"Grellingen",1777
"Laufen",5322
"Liesberg",1170
"Nenzlingen",427
"Roggenburg",285
"Röschenz",1838
"Wahlen",1343
"Zwingen",2180
"Arisdorf",1612
"Augst",840
"Bubendorf",4393
"Frenkendorf",6296
"Füllinsdorf",4311
"Giebenach",1029
"Hersberg",316
"Lausen",4868
"Liestal",13708
"Lupsingen",1359
"Pratteln",15282
"Ramlinsburg",672
"Seltisberg",1289
"Ziefen",1572
"Anwil",580
"Böckten",777
"Buckten",686
"Buus",955
"Diepflingen",645
"Gelterkinden",5733
"Häfelfingen",280
"Hemmiken",272
"Itingen",2018
"Känerkinden",479
"Kilchberg (BL)",156
"Läufelfingen",1293
"Maisprach",929
"Nusshof",249
"Oltingen",475
"Ormalingen",1976
"Rickenbach (BL)",575
"Rothenfluh",777
"Rümlingen",368
"Rünenberg",764
"Sissach",6256
"Tecknau",856
"Tenniken",867
"Thürnen",1353
"Wenslingen",699
"Wintersingen",615
"Wittinsburg",412
"Zeglingen",454
"Zunzgen",2492
"Arboldswil",529
"Bennwil",641
"Bretzwil",765
"Diegten",1555
"Eptingen",515
"Hölstein",2363
"Lampenberg",517
"Langenbruck",952
"Lauwil",322
"Liedertswil",166
"Niederdorf",1748
"Oberdorf (BL)",2335
"Reigoldswil",1545
"Titterten",412
"Waldenburg",1191
"Gächlingen",779
"Löhningen",1376
"Neunkirch",1997
"Büttenhardt",356
"Dörflingen",907
"Lohn (SH)",704
"Stetten (SH)",1266
"Thayngen",5034
"Bargen (SH)",283
"Beringen",4016
"Buchberg",837
"Merishausen",820
"Neuhausen am Rheinfall",10220
"Rüdlingen",755
"Schaffhausen",35413
"Beggingen",512
"Schleitheim",1698
"Siblingen",797
"Buch (SH)",329
"Hemishofen",431
"Ramsen",1345
"Stein am Rhein",3286
"Hallau",2065
"Oberhallau",431
"Trasadingen",583
"Wilchingen",1715
"Herisau",15222
"Hundwil",974
"Schönengrund",492
"Schwellbrunn",1476
"Stein (AR)",1357
"Urnäsch",2241
"Waldstatt",1778
"Bühler",1705
"Gais",3018
"Speicher",4183
"Teufen (AR)",5975
"Trogen",1679
"Grub (AR)",1021
"Heiden",4012
"Lutzenberg",1254
"Rehetobel",1709
"Reute (AR)",673
"Wald (AR)",843
"Walzenhausen",2106
"Wolfhalden",1720
"Appenzell",5661
"Gonten",1452
"Rüte",3441
"Schlatt-Haslen",1134
"Schwende",2130
"Oberegg",1899
"Häggenschwil",1214
"Muolen",1178
"Saint Gallen",74111
"Wittenbach",9572
"Berg (SG)",835
"Eggersriet",2238
"Goldach",9151
"Mörschwil",3576
"Rorschach",8918
"Rorschacherberg",7027
"Steinach",3402
"Tübach",1286
"Untereggen",1039
"Au (SG)",7097
"Balgach",4530
"Berneck",3763
"Diepoldsau",5957
"Rheineck",3241
"St. Margrethen",5742
"Thal",6351
"Widnau",8864
"Altstätten",11075
"Eichberg",1508
"Marbach (SG)",2074
"Oberriet (SG)",8439
"Rebstein",4390
"Rüthi (SG)",2112
"Buchs (SG)",11536
"Gams",3180
"Grabs",6943
"Sennwald",4949
"Sevelen",4676
"Wartau",5163
"Bad Ragaz",5590
"Flums",4889
"Mels",8537
"Pfäfers",1550
"Quarten",2812
"Sargans",5779
"Vilters-Wangs",4488
"Walenstadt",5432
"Amden",1695
"Benken (SG)",2787
"Kaltbrunn",4546
"Schänis",3620
"Weesen",1591
"Schmerikon",3422
"Uznach",5998
"Rapperswil-Jona",26354
"Gommiswald",4896
"Eschenbach (SG)",8760
"Ebnat-Kappel",4945
"Wildhaus-Alt St. Johann",2642
"Nesslau",3665
"Hemberg",925
"Lichtensteig",1924
"Oberhelfenschwil",1330
"Neckertal",4048
"Wattwil",8382
"Kirchberg (SG)",8416
"Lütisburg",1427
"Mosnang",2840
"Bütschwil-Ganterschwil",4540
"Degersheim",3962
"Flawil",10126
"Jonschwil",3720
"Oberuzwil",6011
"Uzwil",12726
"Niederbüren",1460
"Niederhelfenschwil",2926
"Oberbüren",4172
"Zuzwil (SG)",4720
"Wil (SG)",22985
"Andwil (SG)",1887
"Gaiserwald",8018
"Gossau (SG)",17941
"Waldkirch",3439
"Alvaschein",142
"Mon",97
"Mutten",80
"Stierva",140
"Tiefencastel",256
"Vaz/Obervaz",2617
"Alvaneu",406
"Brienz/Brinzauls",128
"Lantsch/Lenz",543
"Schmitten (GR)",249
"Surava",200
"Bergün/Bravuogn",449
"Filisur",461
"Bivio",200
"Cunter",248
"Marmorera",35
"Mulegns",27
"Riom-Parsonz",297
"Salouf",212
"Savognin",1011
"Sur",81
"Tinizong-Rona",333
"Brusio",1115
"Poschiavo",3575
"Falera",583
"Laax",1411
"Sagogn",676
"Schluein",560
"St. Martin",33
"Vals",986
"Andiast",213
"Obersaxen",825
"Waltensburg/Vuorz",349
"Mundaun",303
"Lumnezia",2139
"Ilanz/Glion",4573
"Almens",221
"Fürstenau",367
"Paspels",468
"Pratval",242
"Rodels",277
"Rothenbrunnen",310
"Scharans",818
"Sils im Domleschg",897
"Cazis",2121
"Flerden",216
"Masein",427
"Thusis",2937
"Tschappina",137
"Urmein",116
"Tomils",725
"Safiental",921
"Avers",171
"Hinterrhein",66
"Nufenen",157
"Splügen",406
"Sufers",121
"Andeer",883
"Casti-Wergenstein",49
"Donat",213
"Lohn (GR)",42
"Mathon",47
"Rongellen",56
"Zillis-Reischen",424
"Ferrera",89
"Bonaduz",2912
"Domat/Ems",7448
"Rhäzüns",1344
"Felsberg",2361
"Flims",2643
"Tamins",1222
"Trin",1251
"Ardez",426
"Guarda",161
"Lavin",233
"Susch",214
"Tarasp",370
"Zernez",1150
"Samnaun",793
"Ftan",532
"Scuol",2333
"Sent",903
"Valsot",914
"Bever",636
"Celerina/Schlarigna",1509
"Madulain",234
"Pontresina",2080
"La Punt-Chamues-ch",759
"Samedan",2982
"St. Moritz",5147
"S-chanf",748
"Sils im Engadin/Segl",773
"Silvaplana",1012
"Zuoz",1277
"Bregaglia",1576
"Arvigo",86
"Braggio",51
"Buseno",94
"Castaneda",236
"Cauco",35
"Rossa",120
"Santa Maria in Calanca",117
"Selma",33
"Lostallo",725
"Mesocco",1260
"Soazza",352
"Cama",535
"Grono",987
"Leggia",132
"Roveredo (GR)",2489
"San Vittore",742
"Verdabbio",152
"Val Müstair",1545
"Davos",11156
"Fideris",597
"Furna",186
"Jenaz",1141
"Klosters-Serneus",3909
"Conters im Prättigau",225
"Küblis",842
"Saas",741
"Luzein",1206
"St. Antönien",358
"Chur",34087
"Churwalden",2083
"Arosa",3310
"Maladers",502
"Tschiertschen-Praden",311
"Haldenstein",1003
"Trimmis",3100
"Untervaz",2407
"Zizers",3192
"Fläsch",595
"Jenins",867
"Maienfeld",2587
"Malans",2308
"Landquart",8458
"Grüsch",1921
"Schiers",2576
"Seewis im Prättigau",1378
"Breil/Brigels",1286
"Disentis/Mustér",2045
"Medel (Lucmagn)",422
"Sumvitg",1247
"Tujetsch",1542
"Trun",1221
"Aarau",20103
"Biberstein",1481
"Buchs (AG)",7262
"Densbüren",694
"Erlinsbach (AG)",3762
"Gränichen",7163
"Hirschthal",1493
"Küttigen",5866
"Muhen",3688
"Oberentfelden",7663
"Suhr",9673
"Unterentfelden",4004
"Baden",18522
"Bellikon",1588
"Bergdietikon",2404
"Birmenstorf (AG)",2727
"Ennetbaden",3167
"Fislisbach",5441
"Freienwil",942
"Gebenstorf",4801
"Killwangen",1825
"Künten",1622
"Mägenwil",2041
"Mellingen",4748
"Neuenhof",8360
"Niederrohrdorf",3649
"Oberrohrdorf",3929
"Obersiggenthal",8450
"Remetschwil",2053
"Spreitenbach",10930
"Stetten (AG)",1758
"Turgi",2937
"Untersiggenthal",6876
"Wettingen",20135
"Wohlenschwil",1458
"Würenlingen",4239
"Würenlos",5850
"Ehrendingen",4304
"Arni (AG)",1830
"Berikon",4519
"Bremgarten (AG)",7580
"Büttikon",949
"Dottikon",3571
"Eggenwil",904
"Fischbach-Göslikon",1473
"Hägglingen",2312
"Jonen",1966
"Niederwil (AG)",2441
"Oberlunkhofen",1956
"Oberwil-Lieli",2155
"Rudolfstetten-Friedlisberg",4319
"Sarmenstorf",2534
"Tägerig",1375
"Uezwil",428
"Unterlunkhofen",1277
"Villmergen",6448
"Widen",3581
"Wohlen (AG)",14879
"Zufikon",4250
"Islisberg",607
"Auenstein",1531
"Birr",4197
"Birrhard",663
"Bözen",743
"Brugg",10611
"Effingen",581
"Elfingen",271
"Habsburg",414
"Hausen (AG)",3117
"Lupfig",2189
"Mandach",310
"Mönthal",401
"Mülligen",1035
"Remigen",1064
"Riniken",1464
"Rüfenach",874
"Scherz",642
"Schinznach-Bad",1183
"Thalheim (AG)",748
"Veltheim (AG)",1415
"Villigen",2028
"Villnachern",1529
"Windisch",6732
"Bözberg",1508
"Schinznach",2237
"Beinwil am See",2944
"Birrwil",968
"Burg (AG)",993
"Dürrenäsch",1198
"Gontenschwil",2077
"Holziken",1258
"Leimbach (AG)",445
"Leutwil",741
"Menziken",5630
"Oberkulm",2491
"Reinach (AG)",8063
"Schlossrued",810
"Schmiedrued",1187
"Schöftland",3895
"Teufenthal (AG)",1583
"Unterkulm",2848
"Zetzwil",1274
"Eiken",2136
"Frick",5050
"Gansingen",972
"Gipf-Oberfrick",3349
"Herznach",1392
"Hornussen",870
"Kaisten",2567
"Laufenburg",3268
"Münchwilen (AG)",893
"Oberhof",586
"Oeschgen",910
"Schwaderloch",683
"Sisseln",1461
"Ueken",842
"Wittnau",1161
"Wölflinswil",988
"Zeihen",1060
"Mettauertal",1914
"Ammerswil",699
"Boniswil",1392
"Brunegg",683
"Dintikon",2019
"Egliswil",1332
"Fahrwangen",1964
"Hallwil",749
"Hendschiken",1013
"Holderbank (AG)",1001
"Hunzenschwil",3413
"Lenzburg",8626
"Meisterschwanden",2695
"Möriken-Wildegg",4209
"Niederlenz",4333
"Othmarsingen",2483
"Rupperswil",4784
"Schafisheim",2837
"Seengen",3632
"Seon",4795
"Staufen",2585
"Abtwil",946
"Aristau",1362
"Auw",1782
"Beinwil (Freiamt)",1047
"Besenbüren",563
"Bettwil",538
"Boswil",2553
"Bünzen",1009
"Buttwil",1174
"Dietwil",1214
"Geltwil",188
"Kallern",311
"Merenschwand",3356
"Mühlau",1019
"Muri (AG)",7246
"Oberrüti",1411
"Rottenschwil",783
"Sins",4182
"Waltenschwil",2592
"Hellikon",781
"Kaiseraugst",5481
"Magden",3790
"Möhlin",10455
"Mumpf",1289
"Obermumpf",1000
"Olsberg",356
"Rheinfelden",12174
"Schupfart",758
"Stein (AG)",2978
"Wallbach",1844
"Wegenstetten",1035
"Zeiningen",2220
"Zuzgen",851
"Aarburg",7193
"Attelwil",299
"Bottenwil",781
"Brittnau",3777
"Kirchleerau",760
"Kölliken",4262
"Moosleerau",877
"Murgenthal",2818
"Oftringen",12939
"Reitnau",1232
"Rothrist",8198
"Safenwil",3551
"Staffelbach",1024
"Strengelbach",4660
"Uerkheim",1323
"Vordemwald",1770
"Wiliberg",170
"Zofingen",10824
"Baldingen",279
"Böbikon",166
"Böttstein",3684
"Döttingen",3737
"Endingen",2403
"Fisibach",408
"Full-Reuenthal",802
"Kaiserstuhl",403
"Klingnau",3182
"Koblenz",1605
"Leibstadt",1310
"Lengnau (AG)",2588
"Leuggern",2099
"Mellikon",250
"Rekingen (AG)",979
"Rietheim",766
"Rümikon",246
"Schneisingen",1329
"Siglistorf",613
"Tegerfelden",1071
"Wislikofen",338
"Bad Zurzach",4136
"Arbon",14012
"Dozwil",665
"Egnach",4330
"Hefenhofen",1219
"Horn",2587
"Kesswil",1020
"Roggwil (TG)",2902
"Romanshorn",10353
"Salmsach",1350
"Sommeri",508
"Uttwil",1762
"Amriswil",12619
"Bischofszell",5608
"Erlen",3267
"Hauptwil-Gottshaus",1881
"Hohentannen",608
"Kradolf-Schönenberg",3329
"Sulgen",3575
"Zihlschlacht-Sitterdorf",2132
"Basadingen-Schlattingen",1731
"Diessenhofen",3575
"Schlatt (TG)",1600
"Aadorf",8418
"Felben-Wellhausen",2554
"Frauenfeld",24119
"Gachnang",3503
"Hüttlingen",811
"Matzingen",2588
"Neunforn",957
"Stettfurt",1145
"Thundorf",1329
"Uesslingen-Buch",1069
"Warth-Weiningen",1217
"Altnau",2067
"Bottighofen",2117
"Ermatingen",3033
"Gottlieben",297
"Güttingen",1485
"Kemmental",2297
"Kreuzlingen",20520
"Langrickenbach",1147
"Lengwil",1437
"Münsterlingen",3070
"Tägerwilen",4079
"Wäldi",1001
"Affeltrangen",2406
"Bettwiesen",1114
"Bichelsee-Balterswil",2693
"Braunau",711
"Eschlikon",4067
"Fischingen",2596
"Lommis",1127
"Münchwilen (TG)",5031
"Rickenbach (TG)",2610
"Schönholzerswilen",807
"Sirnach",7363
"Tobel-Tägerschen",1421
"Wängi",4306
"Wilen (TG)",2157
"Wuppenau",1090
"Berlingen",854
"Eschenz",1651
"Herdern",960
"Homburg",1468
"Hüttwilen",1561
"Mammern",616
"Müllheim",2692
"Pfyn",1969
"Raperswilen",406
"Salenstein",1264
"Steckborn",3669
"Wagenhausen",1658
"Amlikon-Bissegg",1299
"Berg (TG)",3199
"Birwinken",1349
"Bürglen (TG)",3461
"Bussnang",2189
"Märstetten",2599
"Weinfelden",10699
"Wigoltingen",2258
"Arbedo-Castione",4437
"Bellinzona",17744
"Cadenazzo",2439
"Camorino",2731
"Giubiasco",8460
"Gnosca",720
"Gorduno",727
"Gudo",803
"Isone",377
"Lumino",1373
"Moleno",116
"Monte Carasso",2734
"Pianezzo",591
"Preonzo",600
"Sant'Antonino",2288
"Sant'Antonio",222
"Sementina",3111
"Acquarossa",1856
"Blenio",1690
"Serravalle",2045
"Airolo",1557
"Bedretto",76
"Bodio",1044
"Dalpe",189
"Faido",3181
"Giornico",858
"Personico",350
"Pollegio",786
"Prato (Leventina)",418
"Quinto",991
"Sobrio",74
"Ascona",5450
"Brione (Verzasca)",188
"Brione sopra Minusio",539
"Brissago",1848
"Corippo",12
"Frasco",102
"Gordola",4410
"Gresso",35
"Lavertezzo",1236
"Locarno",15483
"Losone",6414
"Mergoscia",212
"Minusio",7212
"Mosogno",53
"Muralto",2818
"Orselina",761
"Ronco sopra Ascona",675
"Sonogno",97
"Tenero-Contra",2660
"Vergeletto",55
"Vogorno",276
"Onsernone",264
"Isorno",335
"Cugnasco-Gerra",2879
"Agno",4174
"Aranno",326
"Arogno",948
"Astano",293
"Bedano",1507
"Bedigliora",632
"Bioggio",2431
"Bissone",889
"Brusino Arsizio",469
"Cademario",718
"Cadempino",1496
"Canobbio",1963
"Caslano",4259
"Comano",2017
"Croglio",822
"Cureglia",1303
"Curio",537
"Grancia",496
"Gravesano",1222
"Lamone",1710
"Lugano",61837
"Magliaso",1467
"Manno",1244
"Maroggia",575
"Massagno",5942
"Melano",1359
"Melide",1669
"Mezzovico-Vira",1297
"Miglieglia",286
"Monteggio",888
"Morcote",729
"Muzzano",823
"Neggio",322
"Novaggio",807
"Origlio",1405
"Paradiso",3740
"Ponte Capriasca",1761
"Ponte Tresa",775
"Porza",1524
"Pura",1383
"Rovio",786
"Savosa",2142
"Sessa",681
"Sorengo",1861
"Capriasca",6366
"Torricella-Taverne",3071
"Vernate",581
"Vezia",1932
"Vico Morcote",370
"Collina d'Oro",4439
"Alto Malcantone",1344
"Monteceneri",4427
"Balerna",3303
"Castel San Pietro",2050
"Chiasso",7933
"Coldrerio",2711
"Mendrisio",14499
"Morbio Inferiore",4624
"Novazzano",2409
"Riva San Vitale",2539
"Stabio",4418
"Vacallo",3112
"Breggia",1959
"Biasca",6091
"Claro",2709
"Cresciano",640
"Iragna",557
"Lodrino",1697
"Osogna",1037
"Bosco/Gurin",51
"Campo (Vallemaggia)",55
"Cerentino",62
"Cevio",1155
"Linescio",51
"Maggia",2539
"Lavizzara",572
"Avegno Gordevio",1459
,0
,0
"Terre di Pedemonte",2566
"Centovalli",1192
"Gambarogno",5015
"Aigle",9703
"Bex",6670
"Chessel",359
"Corbeyrier",387
"Gryon",1202
"Lavey-Morcles",849
"Leysin",3988
"Noville",785
"Ollon",7135
"Ormont-Dessous",1025
"Ormont-Dessus",1432
"Rennaz",728
"Roche (VD)",1388
"Villeneuve (VD)",5057
"Yvorne",1028
"Apples",1241
"Aubonne",3011
"Ballens",468
"Berolle",295
"Bière",1501
"Bougy-Villars",416
"Féchy",825
"Gimel",1805
"Longirod",414
"Marchissy",448
"Mollens (VD)",295
"Montherod",519
"Saint-George",941
"Saint-Livres",686
"Saint-Oyens",320
"Saubraz",366
"Avenches",3587
"Cudrefin",1426
"Faoug",753
"Vully-les-Lacs",2530
"Bettens",405
"Bournens",324
"Boussens",913
"La Chaux (Cossonay)",397
"Chavannes-le-Veyron",127
"Chevilly",246
"Cossonay",3437
"Cottens (VD)",457
"Cuarnens",384
"Daillens",913
"Dizy",213
"Eclépens",1012
"Ferreyres",299
"Gollion",727
"Grancy",397
"L'Isle",989
"Lussery-Villars",374
"Mauraz",56
"Mex (VD)",639
"Moiry",271
"Mont-la-Ville",347
"Montricher",852
"Orny",368
"Pampigny",1068
"Penthalaz",2997
"Penthaz",1649
"Pompaples",795
"La Sarraz",2363
"Senarclens",431
"Sévery",210
"Sullens",875
"Vufflens-la-Ville",1183
"Assens",1016
"Bercher",1135
"Bioley-Orjulaz",460
"Bottens",1188
"Bretigny-sur-Morrens",739
"Cugy (VD)",2548
"Echallens",5368
"Essertines-sur-Yverdon",873
"Etagnières",1035
"Fey",589
"Froideville",1989
"Morrens (VD)",988
"Oulens-sous-Echallens",519
"Pailly",470
"Penthéréaz",374
"Poliez-Pittet",721
"Rueyres",251
"Saint-Barthélemy (VD)",760
"Villars-le-Terroir",830
"Vuarrens",844
"Montilliez",1552
"Goumoëns",888
"Bonvillars",511
"Bullet",591
"Champagne",960
"Concise",869
"Corcelles-près-Concise",297
"Fiez",389
"Fontaines-sur-Grandson",148
"Giez",399
"Grandevent",217
"Grandson",3163
"Mauborget",102
"Mutrux",130
"Novalles",101
"Onnens (VD)",476
"Provence",344
"Sainte-Croix",4660
"Tévenon",744
"Belmont-sur-Lausanne",3474
"Cheseaux-sur-Lausanne",3955
"Crissier",7402
"Epalinges",8790
"Jouxtens-Mézery",1353
"Lausanne",130421
"Le Mont-sur-Lausanne",6291
"Paudex",1399
"Prilly",11709
"Pully",17368
"Renens",20232
"Romanel-sur-Lausanne",3286
"Chexbres",2081
"Forel (Lavaux)",2007
"Lutry",9465
"Puidoux",2770
"Rivaz",341
"Saint-Saphorin (Lavaux)",332
"Savigny",3354
"Bourg-en-Lavaux",4995
"Aclens",498
"Bremblens",487
"Buchillon",632
"Bussigny",8122
"Bussy-Chardonney",387
"Chavannes-près-Renens",7058
"Chigny",331
"Clarmont",145
"Denens",673
"Denges",1555
"Echandens",2210
"Echichens",2506
"Ecublens",11427
"Etoy",2841
"Lavigny",885
"Lonay",2419
"Lully (VD)",758
"Lussy-sur-Morges",643
"Morges",14994
"Préverenges",5076
"Reverolle",350
"Romanel-sur-Morges",472
"Saint-Prex",5451
"Saint-Sulpice (VD)",3305
"Tolochenaz",1706
"Vaux-sur-Morges",171
"Villars-Sainte-Croix",658
"Villars-sous-Yens",553
"Vufflens-le-Château",798
"Vullierens",429
"Yens",1150
"Boulens",296
"Brenles",157
"Bussy-sur-Moudon",187
"Chavannes-sur-Moudon",213
"Chesalles-sur-Moudon",147
"Cremin",56
"Curtilles",297
"Dompierre (VD)",252
"Forel-sur-Lucens",154
"Hermenches",362
"Lovatens",128
"Lucens",3017
"Moudon",5202
"Ogens",268
"Prévonloup",151
"Rossenges",60
"Sarzens",85
"Syens",136
"Villars-le-Comte",154
"Vucherens",518
"Montanaire",2322
"Arnex-sur-Nyon",197
"Arzier-Le Muids",2392
"Bassins",1256
"Begnins",1617
"Bogis-Bossey",875
"Borex",879
"Chavannes-de-Bogis",1097
"Chavannes-des-Bois",797
"Chéserex",1211
"Coinsins",397
"Commugny",2756
"Coppet",3076
"Crans-près-Céligny",2108
"Crassier",1088
"Duillier",1057
"Eysins",1352
"Founex",3429
"Genolier",1818
"Gingins",1213
"Givrins",965
"Gland",11693
"Grens",367
"Mies",1908
"Nyon",19170
"Prangins",3935
"La Rippe",1065
"Saint-Cergue",2155
"Signy-Avenex",455
"Tannay",1522
"Trélex",1400
"Le Vaud",1244
"Vich",743
"L'Abergement",236
"Agiez",281
"Arnex-sur-Orbe",577
"Ballaigues",974
"Baulmes",1007
"Bavois",774
"Bofflens",189
"Bretonnières",214
"Chavornay",3783
"Les Clées",161
"Corcelles-sur-Chavornay",347
"Croy",315
"Juriens",300
"Lignerolle",369
"Montcherand",453
"Orbe",6547
"La Praz",162
"Premier",188
"Rances",434
"Romainmôtier-Envy",484
"Sergey",144
"Valeyres-sous-Rances",562
"Vallorbe",3411
"Vaulion",456
"Vuiteboeuf",524
"Carrouge (VD)",1025
"Corcelles-le-Jorat",423
"Essertes",327
"Ferlens (VD)",319
"Maracon",455
"Mézières (VD)",1148
"Montpreveyres",535
"Ropraz",368
"Servion",1823
"Vulliens",420
"Jorat-Menthue",1361
"Oron",4868
"Champtauroz",120
"Chevroux",413
"Corcelles-près-Payerne",1997
"Grandcour",788
"Henniez",276
"Missy",326
"Payerne",9146
"Trey",251
"Treytorrens (Payerne)",119
"Villarzel",398
"Valbroye",2776
"Château-d'Oex",3298
"Rossinière",551
"Rougemont",907
"Allaman",411
"Bursinel",453
"Bursins",748
"Burtigny",354
"Dully",562
"Essertines-sur-Rolle",663
"Gilly",996
"Luins",596
"Mont-sur-Rolle",2547
"Perroy",1388
"Rolle",5921
"Tartegnin",225
"Vinzel",341
"L'Abbaye",1326
"Le Chenit",4410
"Le Lieu",868
"Blonay",6023
"Chardonne",2772
"Corseaux",2142
"Corsier-sur-Vevey",3333
"Jongny",1449
"Montreux",25456
"Saint-Légier-La Chiésaz",5019
"La Tour-de-Peilz",10828
"Vevey",18594
"Veytaux",828
"Belmont-sur-Yverdon",341
"Bioley-Magnoux",153
"Chamblon",550
"Champvent",598
"Chavannes-le-Chêne",259
"Chêne-Pâquier",117
"Cheseaux-Noréaz",663
"Cronay",329
"Cuarny",166
"Démoret",128
"Donneloye",752
"Ependes (VD)",326
"Essert-Pittet",151
"Mathod",549
"Molondin",204
"Montagny-près-Yverdon",704
"Oppens",184
"Orges",258
"Orzens",198
"Pomy",694
"Rovray",146
"Suchy",462
"Suscévaz",193
"Treycovagnes",473
"Ursins",205
"Valeyres-sous-Montagny",665
"Valeyres-sous-Ursins",238
"Villars-Epeney",79
"Vugelles-La Mothe",118
"Yverdon-les-Bains",28486
"Yvonand",2731
"Brig-Glis",12728
"Eggerberg",342
"Naters",9254
"Ried-Brig",1989
"Simplon",325
"Termen",858
"Zwischbergen",87
"Ardon",2842
"Chamoson",3286
"Conthey",8054
"Nendaz",6005
"Vétroz",5190
"Bagnes",7834
"Bourg-Saint-Pierre",198
"Liddes",729
"Orsières",3078
"Sembrancher",938
"Vollèges",1740
"Bellwald",434
"Binn",156
"Blitzingen",74
"Ernen",537
"Fiesch",945
"Fieschertal",318
"Lax",292
"Niederwald",49
"Grafschaft",194
"Münster-Geschinen",490
"Reckingen-Gluringen",460
"Obergoms",680
"Les Agettes",330
"Ayent",3734
"Evolène",1711
"Hérémence",1401
"Saint-Martin (VS)",883
"Vex",1642
"Mont-Noble",922
"Agarn",802
"Albinen",268
"Ergisch",202
"Inden",124
"Leuk",3712
"Leukerbad",1586
"Oberems",134
"Salgesch",1393
"Varen",614
"Guttet-Feschel",443
"Gampel-Bratsch",1921
"Turtmann-Unterems",1121
"Bovernier",868
"Charrat",1526
"Fully",7974
"Isérables",866
"Leytron",2853
"Martigny",16897
"Martigny-Combe",2310
"Riddes",2785
"Saillon",2327
"Saxon",4903
"Trient",144
"Champéry",1252
"Collombey-Muraz",7750
"Monthey",16880
"Port-Valais",3246
"Saint-Gingolph",939
"Troistorrents",4256
"Val-d'Illiez",1802
"Vionnaz",2310
"Vouvry",3843
"Bister",30
"Bitsch",852
"Grengiols",466
"Riederalp",536
"Ausserberg",635
"Blatten",295
"Bürchen",724
"Eischoll",454
"Ferden",255
"Kippel",367
"Niedergesteln",684
"Raron",1865
"Unterbäch",409
"Wiler (Lötschen)",575
"Mörel-Filet",680
"Steg-Hohtenn",1559
"Bettmeralp",440
"Collonges",630
"Dorénaz",796
"Evionnaz",1170
"Finhaut",446
"Massongex",1685
"Saint-Maurice",4488
"Salvan",1215
"Vernayaz",1839
"Vérossaz",662
"Chalais",3249
"Chermignon",3008
"Chippis",1667
"Grône",2275
"Icogne",538
"Lens",3909
"Miège",1326
"Mollens (VS)",930
"Montana",2368
"Randogne",4246
"Saint-Léonard",2171
"Sierre",15945
"Venthône",1208
"Veyras",1736
"Anniviers",2622
"Arbaz",1109
"Grimisuat",2976
"Savièse",6939
"Sion",32167
"Veysonnaz",568
"Baltschieder",1237
"Eisten",216
"Embd",311
"Grächen",1408
"Lalden",662
"Randa",436
"Saas-Almagell",383
"Saas-Balen",399
"Saas-Fee",1710
"Saas-Grund",1094
"St. Niklaus",2325
"Stalden (VS)",1121
"Staldenried",551
"Täsch",1165
"Törbel",484
"Visp",7281
"Visperterminen",1401
"Zeneggen",268
"Zermatt",5786
,0
"Bevaix",3807
"Boudry",5052
"Brot-Dessous",105
"Corcelles-Cormondrèche",4662
"Cortaillod",4615
"Fresens",223
"Gorgier",1963
"Montalchez",257
"Peseux",5745
"Rochefort",1081
"Saint-Aubin-Sauges",2440
"Vaumarcus",271
"Milvignes",8912
"La Chaux-de-Fonds",38267
"Les Planchettes",228
"La Sagne",953
"Les Brenets",1100
"La Brévine",636
"Brot-Plamboz",240
"Le Cerneux-Péquignot",322
"La Chaux-du-Milieu",463
"Le Locle",10208
"Les Ponts-de-Martel",1278
"Cornaux",1571
"Cressier (NE)",1923
"Enges",257
"Hauterive (NE)",2599
"Le Landeron",4434
"Lignières",962
"Neuchâtel",33474
"Saint-Blaise",3258
"La Tène",4845
"Valangin",444
"Val-de-Ruz",15961
"La Côte-aux-Fées",449
"Les Verrières",702
"Val-de-Travers",10847
"Aire-la-Ville",1108
"Anières",2265
"Avully",1771
"Avusy",1443
"Bardonnex",2220
"Bellevue",3200
"Bernex",9640
"Carouge (GE)",20375
"Cartigny",867
"Céligny",623
"Chancy",1129
"Chêne-Bougeries",10530
"Chêne-Bourg",8072
"Choulex",1085
"Collex-Bossy",1652
"Collonge-Bellerive",7519
"Cologny",4830
"Confignon",4307
"Corsier (GE)",1917
"Dardagny",1498
"Geneva",189033
"Genthod",2691
"Le Grand-Saconnex",11847
"Gy",480
"Hermance",965
"Jussy",1182
"Laconnex",605
"Lancy",28909
"Meinier",2012
"Meyrin",21718
"Onex",17851
"Perly-Certoux",2993
"Plan-les-Ouates",10250
"Pregny-Chambésy",3530
"Presinge",627
"Puplinge",2041
"Russin",485
"Satigny",3874
"Soral",718
"Thônex",13587
"Troinex",2236
"Vandoeuvres",2578
"Vernier",33744
"Versoix",12879
"Veyrier",10215
"Boécourt",885
"Bourrignon",272
"Châtillon (JU)",452
"Corban",462
"Courchapoix",421
"Courrendlin",2595
"Courroux",3134
"Courtételle",2459
"Delémont",11809
"Develier",1394
"Ederswiler",119
"Mervelier",527
"Mettembert",114
"Movelier",379
"Pleigne",381
"Rebeuvelier",385
"Rossemaison",585
"Saulcy",258
"Soyhières",483
"Vellerat",71
"Haute-Sorne",6812
"Val Terbi",2612
"Le Bémont (JU)",319
"Les Bois",1137
"Les Breuleux",1414
"La Chaux-des-Breuleux",87
"Les Enfers",159
"Les Genevez (JU)",526
"Lajoux (JU)",680
"Montfaucon",581
"Muriaux",475
"Le Noirmont",1755
"Saignelégier",2560
"Saint-Brais",232
"Soubey",145
"Alle",1737
"Beurnevésin",134
"Boncourt",1274
"Bonfol",669
"Bure",677
"Coeuve",701
"Cornol",960
"Courchavon",298
"Courgenay",2180
"Courtedoux",740
"Damphreux",176
"Fahy",370
"Fontenais",1686
"Grandfontaine",373
"Lugnez",192
"Porrentruy",6703
"Rocourt",159
"Vendlincourt",546
"Basse-Allaine",1264
"Clos du Doubs",1278
"Haute-Ajoie",992
"La Baroche",1154
